Words,Download Links
ع,https://player.vimeo.com/external/267414639.sd.mp4?s=decaf51ef3359470ca8306607bd595c73365eadb&profile_id=164&download=1
م,https://player.vimeo.com/external/267429699.sd.mp4?s=3de5f440ad574cda1f219af42b73afd5dc9d1dd3&profile_id=164&download=1
ث,https://player.vimeo.com/external/267404160.sd.mp4?s=8056633cd17e75822bbf3bde170bbf1932778ca7&profile_id=164&download=1
لا,https://player.vimeo.com/external/267437510.sd.mp4?s=b67c2d41701ba32b7105db30255bebf1a313d0f9&profile_id=164&download=1
ت,https://player.vimeo.com/external/267404107.sd.mp4?s=aa829d49b5cb73686bc0d2eb633fa5cf04686272&profile_id=164&download=1
ة,https://player.vimeo.com/external/267434077.sd.mp4?s=ae1cb8086f80952f3fa5f03a3cd387d4e0eb4e66&profile_id=164&download=1
ط,https://player.vimeo.com/external/267426031.sd.mp4?s=b4598bf5be0ee6bcb57a9fbdd47ced0597a86a6a&profile_id=164&download=1
و,https://player.vimeo.com/external/267432388.sd.mp4?s=50c48da50650a9c87d21d026a899a3a9ebd3e824&profile_id=164&download=1
ذ,https://player.vimeo.com/external/267407351.sd.mp4?s=9d7f163850d39b71c701aade69682ef3c540d2c6&profile_id=164&download=1
الـ,https://player.vimeo.com/external/267437109.sd.mp4?s=d17133b139b35d4e0def9cae6a8715fe444bd931&profile_id=164&download=1
هـ,https://player.vimeo.com/external/267431368.sd.mp4?s=f7bcf8d8893dff53dcd62aecdc246c75f0dbaaa2&profile_id=164&download=1
ئــ ,https://player.vimeo.com/external/267435857.sd.mp4?s=a972275755370d5d4b5943c86eae95fe0748b1e4&profile_id=164&download=1
ء,https://player.vimeo.com/external/267436404.sd.mp4?s=34c6ca70710cca5b3756f78250f7e17f0180e6da&profile_id=164&download=1
ؤ,https://player.vimeo.com/external/267436752.sd.mp4?s=a759ed323ac62586b84da25d0d98733959668abf&profile_id=164&download=1
ىْ,https://player.vimeo.com/external/267434681.sd.mp4?s=6fb0d51331105643b853ddcf35ef7ead63e45a69&profile_id=164&download=1
ج,https://player.vimeo.com/external/267537742.sd.mp4?s=976d778439f3f23abf697dc3b83ad1ff08f7c8ee&profile_id=164&download=1
ن,https://player.vimeo.com/external/267430951.sd.mp4?s=332883c279fccf9ec054e9d0c4989c267e10e13b&profile_id=164&download=1
ق,https://player.vimeo.com/external/267428180.sd.mp4?s=8092efe572d0dad8770b724bee425a2635d72152&profile_id=164&download=1
ر,https://player.vimeo.com/external/267407945.sd.mp4?s=6c583a9fc839af72c343dab99a0cf17b986241d7&profile_id=164&download=1
ص,https://player.vimeo.com/external/267411469.sd.mp4?s=ba5ef1c319dce318ba5689b31e5c0b562894619d&profile_id=164&download=1
س,https://player.vimeo.com/external/267409457.sd.mp4?s=6f7d45e8c17059005398cd22bce61d9b9f451ddf&profile_id=164&download=1
ي,https://player.vimeo.com/external/267433455.sd.mp4?s=1dcb099a01961c33900b872610ed1884752ad4f5&profile_id=164&download=1
ز,https://player.vimeo.com/external/267408493.sd.mp4?s=a61cb557988a7c9b1011f1ae73320b6b628a780c&profile_id=164&download=1
ش,https://player.vimeo.com/external/267410091.sd.mp4?s=18a9f1261e8d38ff59c55172fb689df06a064254&profile_id=164&download=1
ل,https://player.vimeo.com/external/267429280.sd.mp4?s=0fc12b1c67acce13096edba1923cc6571fedd8cc&profile_id=164&download=1
ك,https://player.vimeo.com/external/267428825.sd.mp4?s=be3a5e0c12d0b3862b41e90da2a50ff17c284009&profile_id=164&download=1
أ,https://player.vimeo.com/external/267402511.sd.mp4?s=ecf840fa5827512b96b8b43c7f57efafabd359b7&profile_id=164&download=1
ب,https://player.vimeo.com/external/267403351.sd.mp4?s=6c39cbed228e670296fee72076978e98ae83a02e&profile_id=164&download=1
ض,https://player.vimeo.com/external/267412203.sd.mp4?s=54e64e8743a9f5cb6cd72962f8338ebc1f0db602&profile_id=164&download=1
د,https://player.vimeo.com/external/267406773.sd.mp4?s=7fe9987a7f523adbbc505e2e2f4eb132c0ec0d91&profile_id=164&download=1
ف,https://player.vimeo.com/external/267426839.sd.mp4?s=33133ac23c32907f5403c6ca9860c4c60b59bf3f&profile_id=164&download=1
خ,https://player.vimeo.com/external/267406207.sd.mp4?s=dabfde70fb7f81f8ff8cb47cac9c8097a93f2015&profile_id=164&download=1
غ,https://player.vimeo.com/external/267415263.sd.mp4?s=999cfe207a71ec650295957fdcf92ce179aaab04&profile_id=164&download=1
ح,https://player.vimeo.com/external/267405744.sd.mp4?s=8d2da808554eec281fda23353f2787863aafd2e3&profile_id=164&download=1
ظ,https://player.vimeo.com/external/267413379.sd.mp4?s=c63a3f3d2fa318be183cce51afd2e7962b4833e5&profile_id=164&download=1
